First Name,Last Name,Email
Boris,Tsirulnik,boris.tsirulnik@gmail.com
David,Rachamim,david.rachamim@gmail.com
Nir,Channes,nir.channes@gmail.com
Ofir,Saloniko,ofirsaloniko@gmail.com
Luba,Tsirulnik,luba.tsirulnik@hp.com
Shay,Harari,shayh10@gmail.com
Yoav,Tzidon,yoavtzidon@hotmail.com
Yiftach,Nun,yiftach.nun@sap.com
Ofer,Feroza,ofer_feroza@yahoo.com
Shahar,Man,shahar.man@sap.com